dt,totalTime,leftfoot_px,leftfoot_py,leftfoot_pz,leftfoot_rx,leftfoot_ry,leftfoot_rz,rightfoot_px,rightfoot_py,rightfoot_pz,rightfoot_rx,rightfoot_ry,rightfoot_rz,hip_px,hip_py,hip_pz,hip_rx,hip_ry,hip_rz,direction_px,direction_py,direction_pz,direction_rx,direction_ry,direction_rz,head_px,head_py,head_pz,head_rx,head_ry,head_rz,locomotionPoint_px,locomotionPoint_py,locomotionPoint_pz,locomotionPoint_rx,locomotionPoint_ry,locomotionPoint_rz,
0.3333333,0.90486150.08734429,0.1102598,-0.3200386,271.0178,168.972,14.40714,-0.1583065,0.1015406,-0.2681453,273.021,41.54195,152.2254,0,0,0,0,0,0,0.007678986,0,0.09236585,0,120.2773,0,0.007678766,0.5680193,0.09236585,342.359,354.9215,359.7078,4.946637,0,0.2012193,0,0,0,
0.3333333,1.8551330.08734429,0.1102598,-0.3200386,271.0178,168.972,14.40714,-0.1583065,0.1015406,-0.2681453,273.021,41.54195,152.2254,0,0,0,0,0,0,0.007666588,0,0.09230591,0,120.2773,0,0.0076667,0.5680842,0.09230591,342.3677,354.9159,359.7047,4.946637,0,0.2012193,0,0,0,
